contig_1_ign_00524	WP_207788932.1	79.032	440	13	0	1	186	128	189	9.88e-25	105	WP_207788932.1 SIR2 family protein [Bordetella trematum]
contig_1_ign_00524	WP_138143905.1	79.032	473	13	0	1	186	161	222	1.40e-24	105	WP_138143905.1 SIR2 family protein [Brucella sp. 10RB9215] SBW13904.1 hypothetical protein BR10RB9215_C10720 [Brucella sp. 10RB9215]
contig_1_ign_00524	WP_229447297.1	77.049	473	14	0	4	186	162	222	2.86e-23	101	WP_229447297.1 SIR2 family protein [Nitratireductor sp. B36] MCC5777981.1 SIR2 family protein [Nitratireductor sp. B36]
contig_1_ign_00524	BBK42799.1	75.806	532	15	0	1	186	220	281	5.45e-23	101	BBK42799.1 hypothetical protein STVA_28190 [Stella vacuolata]
contig_1_ign_00524	WP_062953813.1	75.410	473	15	0	4	186	162	222	9.45e-23	100	WP_062953813.1 MULTISPECIES: SIR2 family protein [Thalassospira] KZB73486.1 hypothetical protein AUQ43_17355 [Thalassospira sp. MCCC 1A01148] RCK18939.1 hypothetical protein TH6_20285 [Thalassospira profundimaris]
contig_1_ign_00524	WP_147097750.1	73.770	473	16	0	4	186	162	222	3.12e-22	99.0	WP_147097750.1 SIR2 family protein [Paracoccus aurantiacus] TXB69187.1 hypothetical protein FQV27_09475 [Paracoccus aurantiacus]
contig_1_ign_00524	MCB9946154.1	72.131	473	17	0	4	186	162	222	4.85e-22	98.2	MCB9946154.1 SIR2 family protein [Geminicoccaceae bacterium]
contig_1_ign_00524	WP_073035560.1	72.581	472	17	0	1	186	160	221	1.51e-21	97.1	WP_073035560.1 SIR2 family protein [Roseovarius pacificus] GGO59380.1 hypothetical protein GCM10011315_31240 [Roseovarius pacificus] SHM06727.1 SIR2-like domain-containing protein [Roseovarius pacificus]
contig_1_ign_00524	KZY42010.1	73.333	472	16	0	7	186	162	221	5.02e-21	95.5	KZY42010.1 hypothetical protein A3731_11615 [Roseovarius sp. HI0049]
contig_1_ign_00524	WP_071923377.1	72.131	473	17	0	4	186	162	222	9.64e-21	94.7	WP_071923377.1 SIR2 family protein [Chelatococcus daeguensis] APF36698.1 hypothetical protein BOQ54_04650 [Chelatococcus daeguensis]
contig_1_ign_00524	WP_198507652.1	73.333	437	16	0	7	186	127	186	2.62e-20	93.2	WP_198507652.1 SIR2 family protein [Qipengyuania seohaensis]
contig_1_ign_00524	WP_221430353.1	73.333	472	16	0	7	186	162	221	2.65e-20	93.6	WP_221430353.1 SIR2 family protein [Qipengyuania sp. 1NDH1] QZD94608.1 SIR2 family protein [Qipengyuania sp. 1NDH1]
contig_1_ign_00524	ODA66594.1	68.333	260	19	0	7	186	120	179	3.04e-20	90.9	ODA66594.1 hypothetical protein A7A08_02361 [Methyloligella halotolerans]
contig_1_ign_00524	WP_185926878.1	70.492	473	18	0	4	186	162	222	3.09e-20	93.2	WP_185926878.1 SIR2 family protein [Stappia sp. 28M-7] MBC2861901.1 SIR2 family protein [Stappia sp. 28M-7] BAH89857.1 hypothetical protein [uncultured bacterium]
contig_1_ign_00524	MBL4805276.1	73.333	472	16	0	7	186	162	221	3.41e-20	93.2	MBL4805276.1 SIR2 family protein [Alphaproteobacteria bacterium] MBL4895746.1 SIR2 family protein [Erythrobacter sp.]
contig_1_ign_00863	WP_147093747.1	90.625	376	3	0	96	1	23	54	8.55e-14	63.9	WP_147093747.1 peptide chain release factor 2 [Swaminathania salitolerans]
contig_1_ign_00863	WP_188425487.1	87.500	376	4	0	96	1	23	54	2.56e-13	62.4	WP_188425487.1 peptide chain release factor 2 [Asaia siamensis]
contig_1_ign_00863	WP_148301497.1	87.500	376	4	0	96	1	23	54	2.67e-13	62.4	WP_148301497.1 peptide chain release factor 2 [Asaia prunellae]
contig_1_ign_00863	WP_222546401.1	87.500	376	4	0	96	1	23	54	2.72e-13	62.4	WP_222546401.1 peptide chain release factor 2 [Asaia bogorensis]
contig_1_ign_00863	WP_122038455.1	87.500	376	4	0	96	1	23	54	2.85e-13	62.4	WP_122038455.1 peptide chain release factor 2 [Asaia bogorensis]
contig_1_ign_00863	WP_122048714.1	87.500	376	4	0	96	1	23	54	2.88e-13	62.4	WP_122048714.1 MULTISPECIES: peptide chain release factor 2 [Asaia] NIE80215.1 peptide chain release factor 2 [Asaia sp. As-1742] RUT25018.1 peptide chain release factor 2 [Asaia sp. W19]
contig_1_ign_00863	WP_152530270.1	87.500	376	4	0	96	1	23	54	3.07e-13	62.4	WP_152530270.1 MULTISPECIES: peptide chain release factor 2 [Asaia]
contig_1_ign_00863	WP_146926413.1	84.375	376	5	0	96	1	23	54	9.58e-13	60.5	WP_146926413.1 peptide chain release factor 2 [Asaia bogorensis]
contig_1_ign_00863	WP_141307047.1	84.375	376	5	0	96	1	23	54	9.74e-13	60.5	WP_141307047.1 peptide chain release factor 2 [Gluconobacter roseus]
contig_1_ign_00863	MBN8875504.1	81.250	376	6	0	96	1	23	54	1.05e-12	56.6	MBN8875504.1 peptide chain release factor 2 [Rhodospirillales bacterium]
contig_1_ign_00863	WP_176624698.1	81.250	376	6	0	96	1	23	54	1.18e-12	56.2	WP_176624698.1 peptide chain release factor 2 [Endobacter medicaginis] NVN30841.1 peptide chain release factor 2 [Endobacter medicaginis]
contig_1_ign_00863	WP_160792709.1	84.375	376	5	0	96	1	23	54	1.31e-12	60.1	WP_160792709.1 MULTISPECIES: peptide chain release factor 2 [unclassified Saccharibacter] MXV36970.1 peptide chain release factor 2 [Saccharibacter sp. EH611] MXV58540.1 peptide chain release factor 2 [Saccharibacter sp. EH70] MXV66046.1 peptide chain release factor 2 [Saccharibacter sp. EH60]
contig_1_ign_00863	WP_147150790.1	81.250	376	6	0	96	1	23	54	1.61e-12	60.1	WP_147150790.1 peptide chain release factor 2 [Neoasaia chiangmaiensis]
contig_1_ign_00863	WP_132127073.1	81.250	376	6	0	96	1	23	54	1.69e-12	59.7	WP_132127073.1 peptide chain release factor 2 [Acidomonas methanolica] MBU2655027.1 peptide chain release factor 2 [Acidomonas methanolica]
contig_1_ign_00863	WP_156809400.1	81.250	376	6	0	96	1	23	54	2.48e-12	59.3	WP_156809400.1 peptide chain release factor 2 [Saccharibacter floricola]
contig_1_ign_00998	WP_171837056.1	43.373	302	43	1	303	67	15	97	9.34e-06	54.7	WP_171837056.1 Maf family protein [Lichenicola cladoniae] NPD69369.1 Maf-like protein [Acetobacteraceae bacterium] QKE92243.1 Maf-like protein [Lichenicola cladoniae]
contig_1_ign_00998	WP_183118521.1	40.789	310	39	1	308	99	7	82	2.09e-05	53.9	WP_183118521.1 Maf family protein [Gluconacetobacter azotocaptans] MBB2189356.1 Maf-like protein [Gluconacetobacter azotocaptans]
contig_1_ign_00998	WP_204737249.1	40.789	310	39	1	308	99	7	82	2.13e-05	53.9	WP_204737249.1 Maf family protein [Gluconacetobacter azotocaptans] MBM9401249.1 Maf family protein [Gluconacetobacter azotocaptans]
contig_1_ign_00291	GBD55635.1	80.000	283	6	1	105	1	26	59	2.74e-05	53.5	GBD55635.1 cold-shock protein [Gluconobacter wancherniae NBRC 103581] GEK93462.1 hypothetical protein GWA01_12320 [Gluconobacter wancherniae NBRC 103581]
contig_1_ign_00879	WP_202208846.1	58.824	90	35	0	537	283	2	86	3.26e-28	112	WP_202208846.1 hypothetical protein [Gluconobacter sp. Gdi]
contig_1_ign_00879	WP_231869287.1	49.558	141	57	0	621	283	25	137	2.03e-26	109	WP_231869287.1 hypothetical protein [Acetobacter malorum]
contig_1_ign_00879	WP_194263367.1	51.136	93	43	0	543	280	2	89	2.04e-24	102	WP_194263367.1 hypothetical protein [Gluconobacter cadivus] MBF0889621.1 hypothetical protein [Gluconobacter cadivus]
contig_1_ign_00879	WP_231111179.1	45.545	107	55	0	582	280	3	103	3.17e-24	102	WP_231111179.1 hypothetical protein [Acetobacter pasteurianus] OAZ69009.1 hypothetical protein SRCM100623_02315 [Acetobacter pasteurianus]
contig_1_ign_00879	BAU39142.1	52.326	91	41	0	537	280	2	87	2.80e-23	99.8	BAU39142.1 hypothetical protein APT_02060 [Acetobacter pasteurianus NBRC 101655]
contig_1_ign_00879	WP_062105687.1	48.864	93	45	0	543	280	2	89	3.16e-23	99.8	WP_062105687.1 hypothetical protein [Gluconobacter albidus] KXV51143.1 hypothetical protein AD945_00665 [Gluconobacter albidus] MBS1029689.1 hypothetical protein [Gluconobacter albidus]
contig_1_ign_00879	GCD51195.1	50.000	91	43	0	537	280	2	87	5.35e-23	99.0	GCD51195.1 hypothetical protein NBRC106471_2751 [Acetobacter pasteurianus subsp. pasteurianus LMG 1262 = NBRC 106471]
contig_1_ign_00879	WP_077802881.1	48.864	93	45	0	543	280	2	89	5.73e-23	99.0	WP_077802881.1 hypothetical protein [Gluconobacter albidus] AQS90691.1 hypothetical protein A0U94_06600 [Gluconobacter albidus]
contig_1_ign_00879	WP_062027681.1	47.727	93	46	0	543	280	2	89	1.09e-22	98.2	WP_062027681.1 hypothetical protein [Gluconobacter albidus] KXV41880.1 hypothetical protein AD941_02350 [Gluconobacter albidus]
contig_1_ign_00879	GCD56572.1	51.163	91	42	0	537	280	2	87	2.27e-22	97.4	GCD56572.1 hypothetical protein NBRC3222_1909 [Acetobacter pasteurianus NBRC 3222]
contig_1_ign_00879	WP_207204274.1	52.500	84	38	0	522	283	1	80	1.27e-21	95.1	WP_207204274.1 hypothetical protein [Gluconobacter cerinus]
contig_1_ign_00879	MBM3096914.1	53.165	83	37	0	519	283	1	79	1.57e-21	95.1	MBM3096914.1 hypothetical protein [Gluconobacter cerinus]
contig_1_ign_00879	GCD52973.1	54.118	99	38	1	552	301	5	89	1.68e-21	95.5	GCD52973.1 hypothetical protein NBRC3188_1670 [Acetobacter pasteurianus NBRC 3188]
contig_1_ign_00879	WP_211512809.1	48.810	85	43	0	522	271	1	84	1.79e-21	95.1	WP_211512809.1 hypothetical protein [Gluconobacter cerinus] MBS1044488.1 hypothetical protein [Gluconobacter cerinus]
contig_1_ign_00879	GAN68330.1	47.273	113	56	1	603	280	1	110	1.13e-20	93.6	GAN68330.1 hypothetical protein Abol_015_169 [Acetobacter orleanensis JCM 7639] GEB83856.1 hypothetical protein AOR01nite_23330 [Acetobacter orleanensis]
contig_1_ign_00076	WP_029312843.1	77.099	568	90	0	87	1265	176	568	0.0	649	WP_029312843.1 MULTISPECIES: urease subunit alpha [Acidiphilium] SIR27123.1 urease subunit alpha [Acidiphilium rubrum]
contig_1_ign_00076	OYW03562.1	76.845	568	91	0	87	1265	176	568	0.0	649	OYW03562.1 urease subunit alpha [Acidiphilium sp. 37-64-53]
contig_1_ign_00076	MBW4036917.1	76.845	568	91	0	87	1265	176	568	0.0	649	MBW4036917.1 urease subunit alpha [Proteobacteria bacterium]
contig_1_ign_00076	WP_182941829.1	78.626	568	84	0	87	1265	176	568	0.0	642	WP_182941829.1 urease subunit alpha [Gluconacetobacter johannae] MBB2175230.1 urease subunit alpha [Gluconacetobacter johannae]
contig_1_ign_00076	MBV8090083.1	77.354	568	89	0	87	1265	176	568	0.0	640	MBV8090083.1 urease subunit alpha [Alphaproteobacteria bacterium]
contig_1_ign_00076	WP_124354390.1	77.863	568	87	0	87	1265	176	568	0.0	640	WP_124354390.1 urease subunit alpha [Acetobacter pasteurianus] GCD63076.1 urease subunit alpha [Acetobacter pasteurianus NBRC 3278]
contig_1_ign_00076	WP_183120593.1	78.117	568	86	0	87	1265	176	568	0.0	639	WP_183120593.1 urease subunit alpha [Gluconacetobacter azotocaptans] MBB2191473.1 urease subunit alpha [Gluconacetobacter azotocaptans] MBM9403412.1 urease subunit alpha [Gluconacetobacter azotocaptans]
contig_1_ign_00076	WP_003624697.1	77.863	568	87	0	87	1265	176	568	0.0	639	WP_003624697.1 urease subunit alpha [Acetobacter pasteurianus] AKR47901.1 urease subunit alpha [Acetobacter pasteurianus] ASC05989.1 Urease [Acetobacter pasteurianus subsp. pasteurianus] CCT59276.1 urease alpha subunit [Acetobacter pasteurianus 386B] BAI00457.1 urease alpha subunit [Acetobacter pasteurianus IFO 3283-01] BAI03508.1 urease alpha subunit [Acetobacter pasteurianus IFO 3283-03]
contig_1_ign_00076	WP_019088128.1	77.608	568	88	0	87	1265	176	568	0.0	637	WP_019088128.1 urease subunit alpha [Acetobacter pasteurianus] QHM91742.1 urease subunit alpha [Acetobacter pasteurianus] GCD53540.1 urease subunit alpha [Acetobacter pasteurianus NBRC 3188] GCD75899.1 urease subunit alpha [Acetobacter pasteurianus NBRC 3299]
contig_1_ign_00076	WP_211496146.1	77.354	568	89	0	87	1265	176	568	0.0	637	WP_211496146.1 urease subunit alpha [Gluconobacter cerinus] MBS1034039.1 urease subunit alpha [Gluconobacter cerinus]
contig_1_ign_00076	WP_211561977.1	77.354	568	89	0	87	1265	176	568	0.0	637	WP_211561977.1 urease subunit alpha [Gluconobacter sp. Dm-62] MBS1104097.1 urease subunit alpha [Gluconobacter sp. Dm-62]
contig_1_ign_00076	WP_211500934.1	77.354	568	89	0	87	1265	176	568	0.0	637	WP_211500934.1 urease subunit alpha [Gluconobacter cerinus] MBS1019128.1 urease subunit alpha [Gluconobacter cerinus]
contig_1_ign_00076	WP_228120165.1	77.354	567	89	0	87	1265	175	567	0.0	637	WP_228120165.1 MULTISPECIES: urease subunit alpha [Gluconobacter]
contig_1_ign_00076	MBF0863431.1	77.354	568	89	0	87	1265	176	568	0.0	637	MBF0863431.1 urease subunit alpha [Gluconobacter sp. R71656] MBF0866238.1 urease subunit alpha [Gluconobacter sp. R75628] MBF0872634.1 urease subunit alpha [Gluconobacter sp. R75629] MBF0881600.1 urease subunit alpha [Gluconobacter potus]
contig_1_ign_00076	WP_211499461.1	77.354	568	89	0	87	1265	176	568	0.0	636	WP_211499461.1 urease subunit alpha [Gluconobacter cerinus] MBS1072794.1 urease subunit alpha [Gluconobacter cerinus]
contig_1_ign_00078	PTE22150.1	65.823	89	24	2	317	553	3	78	1.10e-14	79.3	PTE22150.1 hypothetical protein C5F48_08520 [Cereibacter changlensis JA139]
contig_1_ign_00078	AAW60190.1	48.193	177	30	3	394	624	34	109	1.09e-12	60.8	AAW60190.1 Hypothetical protein GOX0407 [Gluconobacter oxydans 621H]
contig_1_ign_00078	RUT27197.1	53.933	96	31	4	314	556	1	87	6.14e-11	69.7	RUT27197.1 hypothetical protein C0V97_03005 [Asaia sp. W19]
contig_1_ign_00078	MBK5928713.1	53.271	98	30	6	317	607	1	97	3.08e-10	67.8	MBK5928713.1 hypothetical protein [Rhodobaculum claviforme]
contig_1_ign_00078	KAB8123596.1	48.837	146	38	3	308	556	19	101	8.31e-09	65.1	KAB8123596.1 hypothetical protein D3W54_04550 [Komagataeibacter medellinensis]
contig_1_ign_00078	BAK84792.1	49.438	246	33	5	308	556	119	201	4.32e-08	65.1	BAK84792.1 hypothetical protein GLX_23800 [Komagataeibacter medellinensis NBRC 3288]
contig_1_ign_00078	GAD09826.1	66.667	97	10	1	420	319	50	85	9.32e-07	43.9	GAD09826.1 hypothetical protein GFGA_1c0923 [Gluconobacter frateurii NBRC 103465]
contig_1_ign_00078	RJF81573.1	78.571	108	6	0	305	388	33	60	1.17e-06	45.4	RJF81573.1 hypothetical protein D3877_15650 [Azospirillum sp. K2W22B-5]
contig_1_ign_00078	OUJ11448.1	54.430	93	31	4	555	322	15	89	3.45e-06	56.2	OUJ11448.1 hypothetical protein HK25_00995 [Acetobacter sp. DsW_059]
contig_1_ign_00078	WP_082789808.1	52.174	625	5	2	315	416	543	583	2.12e-05	40.8	WP_082789808.1 recombinase family protein [Acetobacter malorum]
contig_1_ign_00078	KKZ88535.1	41.837	94	53	2	317	610	1	94	2.49e-05	53.9	KKZ88535.1 hypothetical protein RPHASCH2410_CH05120 [Rhizobium phaseoli Ch24-10]
contig_1_ign_00822	GEM17861.1	63.415	43	15	0	140	18	1	41	1.97e-09	57.0	GEM17861.1 hypothetical protein NBRC3293_2358 [Gluconobacter oxydans NBRC 3293]
contig_1_ign_00822	GEK95893.1	62.162	39	14	0	128	18	1	37	4.15e-07	51.2	GEK95893.1 hypothetical protein GKA01_10900 [Gluconobacter kanchanaburiensis NBRC 103587]
contig_1_ign_00822	WP_181005252.1	58.537	46	17	0	140	18	3	43	5.39e-06	48.5	WP_181005252.1 hypothetical protein [Parasaccharibacter apium]
contig_1_ign_00822	WP_193699513.1	58.537	46	17	0	140	18	3	43	8.09e-06	48.1	WP_193699513.1 hypothetical protein [Bombella apis]
contig_1_ign_00822	WP_031254250.1	58.537	55	17	0	140	18	7	47	1.05e-05	48.1	WP_031254250.1 hypothetical protein [Curvibacter lanceolatus]
contig_1_ign_00822	WP_156878805.1	56.098	46	18	0	140	18	3	43	3.53e-05	46.6	WP_156878805.1 MULTISPECIES: hypothetical protein [Acetobacteraceae] MBE1724187.1 hypothetical protein [Bombella apis] MBR9730527.1 hypothetical protein [Bombella apis] MUH02218.1 hypothetical protein [Bombella sp. ESL0387] QGT74643.1 hypothetical protein GN304_01895 [Bombella sp. ESL0368]
contig_1_ign_00822	MBE7621026.1	53.659	107	19	0	140	18	62	102	6.03e-05	47.4	MBE7621026.1 hypothetical protein [Komagataeibacter sp. FXV2]
contig_1_ign_00822	WP_232450563.1	46.341	51	22	0	140	18	1	41	7.00e-05	45.8	WP_232450563.1 transcription elongation factor GreA [Burkholderia ubonensis]
contig_1_ign_00822	GFE96578.1	71.429	34	8	0	101	18	6	33	9.56e-05	45.1	GFE96578.1 hypothetical protein DmGdi_16510 [Gluconobacter sp. Gdi]
contig_1_ign_00084	WP_148245159.1	74.194	486	8	0	1	93	47	77	4.41e-07	54.3	WP_148245159.1 SH3 domain-containing protein [Enterobacter asburiae]
contig_1_ign_00084	WP_058407217.1	67.742	148	10	0	1	93	47	77	1.34e-06	51.6	WP_058407217.1 hypothetical protein [Aeromonas salmonicida] KTA89564.1 hypothetical protein VO71_19450 [Aeromonas salmonicida subsp. smithia]
contig_1_ign_00084	CNH52415.1	70.968	486	9	0	1	93	47	77	2.54e-06	52.4	CNH52415.1 putative cell wall-associated hydrolase [Yersinia aldovae]
contig_1_ign_00084	WP_042548451.1	70.968	481	9	0	1	93	42	72	2.77e-06	52.4	WP_042548451.1 SH3 domain-containing protein [Yersinia aldovae] AJJ63608.1 SH3 domain of SH3b2 type family protein [Yersinia aldovae 670-83]
contig_1_ign_00084	WP_145564339.1	70.968	481	9	0	1	93	42	72	2.80e-06	52.4	WP_145564339.1 SH3 domain-containing protein [Yersinia aldovae]
contig_1_ign_00084	EFH8798478.1	67.742	217	10	0	1	93	6	36	4.33e-06	51.2	EFH8798478.1 hypothetical protein [Escherichia coli]
contig_1_ign_00084	ECC3874049.1	67.742	471	10	0	1	93	32	62	4.39e-06	51.6	ECC3874049.1 cell wall hydrolase [Salmonella enterica] MFK52686.1 cell wall hydrolase [Salmonella enterica]
contig_1_ign_00084	WP_156506637.1	67.742	472	10	0	1	93	33	63	4.48e-06	51.6	WP_156506637.1 SH3 domain-containing protein [Pantoea sp. OXWO6B1]
contig_1_ign_00084	OAD97974.1	67.742	487	10	0	1	93	48	78	4.52e-06	51.6	OAD97974.1 cell wall hydrolase [Pantoea sp. OXWO6B1]
contig_1_ign_00084	WP_208951587.1	67.742	486	10	0	1	93	47	77	4.75e-06	51.6	WP_208951587.1 SH3 domain-containing protein [Rahnella sp. ChDrAdgB13]
contig_1_ign_00084	WP_102984625.1	70.968	476	9	0	1	93	37	67	4.80e-06	51.6	WP_102984625.1 SH3 domain-containing protein [Serratia marcescens] PNO70381.1 cell wall hydrolase [Serratia marcescens]
contig_1_ign_00084	WP_089621711.1	67.742	243	10	0	1	93	32	62	4.89e-06	51.2	WP_089621711.1 SH3 domain-containing protein [Escherichia coli] EHT7738018.1 SH3 domain-containing protein [Escherichia coli] EHU6147294.1 SH3 domain-containing protein [Escherichia coli] EHV4736469.1 SH3 domain-containing protein [Escherichia coli] MBA1133121.1 SH3 domain-containing protein [Escherichia coli] MBM2901430.1 SH3 domain-containing protein [Escherichia coli]
contig_1_ign_00084	WP_176017467.1	67.742	471	10	0	1	93	32	62	4.99e-06	51.6	WP_176017467.1 SH3 domain-containing C40 family peptidase [Pantoea ananatis] MBA4823730.1 SH3 domain-containing protein [Pantoea ananatis] QKV86123.1 SH3 domain-containing protein [Pantoea ananatis]
contig_1_ign_00084	NQE78349.1	67.742	253	10	0	1	93	47	77	5.01e-06	51.2	NQE78349.1 hypothetical protein [Pantoea ananatis] NQE83141.1 hypothetical protein [Pantoea ananatis] PQK82864.1 hypothetical protein CG432_22695 [Pantoea ananatis] PQK86341.1 hypothetical protein CG433_22765 [Pantoea ananatis] PQK93849.1 hypothetical protein CG434_23225 [Pantoea ananatis]
contig_1_ign_00084	EFM1526491.1	67.742	253	10	0	1	93	42	72	5.01e-06	51.2	EFM1526491.1 hypothetical protein [Escherichia coli] EHH8687035.1 hypothetical protein [Escherichia coli] EHI0582708.1 hypothetical protein [Escherichia coli] EHI1116629.1 hypothetical protein [Escherichia coli]
contig_1_ign_01055	WP_197457302.1	42.484	180	88	0	490	32	17	169	1.46e-25	107	WP_197457302.1 isoprenylcysteine carboxylmethyltransferase family protein [Gluconobacter japonicus]
contig_1_ign_01055	WP_211567961.1	44.156	180	84	2	490	32	17	169	1.85e-25	107	WP_211567961.1 isoprenylcysteine carboxylmethyltransferase family protein [Gluconobacter japonicus] MBS1049849.1 isoprenylcysteine carboxylmethyltransferase family protein [Gluconobacter japonicus]
contig_1_ign_01055	GAD26262.1	41.176	181	90	0	490	32	18	170	3.74e-25	106	GAD26262.1 putative protein-S-isoprenylcysteine methyltransferase [Gluconobacter thailandicus NBRC 3257] GAN89723.1 S-isoprenylcysteine methyltransferase [Gluconobacter frateurii M-2] GAN92572.1 S-isoprenylcysteine methyltransferase [Gluconobacter thailandicus F149-1 = NBRC 100600] GEL87334.1 hypothetical protein GTH01_16920 [Gluconobacter thailandicus F149-1 = NBRC 100600]
contig_1_ign_01055	WP_194257580.1	41.830	180	89	0	490	32	17	169	1.16e-24	105	WP_194257580.1 isoprenylcysteine carboxylmethyltransferase family protein [Gluconobacter japonicus]
contig_1_ign_01055	GAP23308.1	41.830	180	89	0	490	32	17	169	1.18e-24	105	GAP23308.1 putative protein-S-isoprenylcysteine methyltransferase [Gluconobacter frateurii NBRC 101659]
contig_1_ign_01055	WP_197458621.1	41.830	180	89	0	490	32	17	169	1.68e-24	104	WP_197458621.1 isoprenylcysteine carboxylmethyltransferase family protein [Gluconobacter japonicus]
contig_1_ign_01055	OAG72365.1	39.216	181	93	0	490	32	18	170	2.18e-24	104	OAG72365.1 protein-S-isoprenylcysteine methyltransferase [Gluconobacter japonicus]
contig_1_ign_01055	WP_023944282.1	41.176	180	90	0	490	32	17	169	1.69e-23	102	WP_023944282.1 isoprenylcysteine carboxylmethyltransferase family protein [Gluconobacter frateurii] GAD10474.1 hypothetical protein GFGA_1d0492 [Gluconobacter frateurii NBRC 103465]
contig_1_ign_01055	WP_062023602.1	44.286	155	78	0	451	32	5	144	2.51e-23	100	WP_062023602.1 isoprenylcysteine carboxylmethyltransferase family protein [Gluconobacter japonicus] KXV25378.1 protein-S-isoprenylcysteine methyltransferase [Gluconobacter japonicus] KXV26551.1 protein-S-isoprenylcysteine methyltransferase [Gluconobacter japonicus]
contig_1_ign_01055	WP_007284472.1	42.857	155	80	0	451	32	5	144	8.11e-23	99.8	WP_007284472.1 MULTISPECIES: isoprenylcysteine carboxylmethyltransferase family protein [Gluconobacter] AFW00778.1 hypothetical protein B932_1194 [Gluconobacter oxydans H24] ANQ42962.1 protein-S-isoprenylcysteine methyltransferase [Gluconobacter oxydans] KXV34195.1 protein-S-isoprenylcysteine methyltransferase [Gluconobacter thailandicus] KXV53968.1 protein-S-isoprenylcysteine methyltransferase [Gluconobacter thailandicus] QEH97587.1 isoprenylcysteine carboxylmethyltransferase family protein [Gluconobacter thailandicus]
contig_1_ign_01055	KXV40215.1	43.571	155	79	0	451	32	5	144	1.88e-22	98.6	KXV40215.1 protein-S-isoprenylcysteine methyltransferase [Gluconobacter japonicus] MBF0870082.1 isoprenylcysteine carboxylmethyltransferase family protein [Gluconobacter japonicus]
contig_1_ign_01055	KXV23209.1	43.571	155	79	0	451	32	5	144	2.51e-22	98.6	KXV23209.1 protein-S-isoprenylcysteine methyltransferase [Gluconobacter japonicus]
contig_1_ign_01055	WP_063905137.1	40.714	155	83	0	451	32	5	144	2.80e-22	98.2	WP_063905137.1 isoprenylcysteine carboxylmethyltransferase family protein [Gluconobacter frateurii]
contig_1_ign_01055	WP_060600830.1	37.821	184	97	0	490	23	18	173	1.20e-21	97.4	WP_060600830.1 isoprenylcysteine carboxylmethyltransferase family protein [Aureimonas altamirensis] SHI56778.1 Protein-S-isoprenylcysteine O-methyltransferase Ste14 [Aureimonas altamirensis DSM 21988]
contig_1_ign_01055	WP_232412287.1	37.821	184	97	0	490	23	18	173	2.63e-21	96.7	WP_232412287.1 isoprenylcysteine carboxylmethyltransferase family protein [Aureimonas altamirensis] UHD44724.1 isoprenylcysteine carboxylmethyltransferase family protein [Aureimonas altamirensis]
contig_1_ign_00199	CAP56069.1	56.682	259	94	0	1402	752	5	221	4.18e-47	179	CAP56069.1 hypothetical protein GDI2126 [Gluconacetobacter diazotrophicus PA1 5]
contig_1_ign_00199	PKI35883.1	26.072	1065	406	7	2194	500	80	655	7.37e-44	183	PKI35883.1 hypothetical protein CRG98_043726, partial [Punica granatum]
contig_1_ign_00199	PKI36358.1	26.789	978	390	16	2194	500	47	633	2.29e-38	166	PKI36358.1 hypothetical protein CRG98_043251, partial [Punica granatum]
contig_1_ign_00199	PKI38679.1	26.644	959	420	2	2191	464	4	579	5.39e-32	146	PKI38679.1 hypothetical protein CRG98_040930, partial [Punica granatum]
contig_1_ign_00199	PKI65408.1	26.281	864	425	6	2194	419	242	838	5.61e-31	143	PKI65408.1 hypothetical protein CRG98_014199 [Punica granatum]
contig_1_ign_00199	OWF53569.1	26.151	489	343	4	1925	507	12	484	9.04e-31	139	OWF53569.1 hypothetical protein KP79_PYT14592 [Mizuhopecten yessoensis]
contig_1_ign_00199	PKI76289.1	26.316	630	410	4	2194	500	40	604	1.45e-26	128	PKI76289.1 hypothetical protein CRG98_003314 [Punica granatum]
contig_1_ign_00199	PKI54237.1	26.123	2014	433	5	2191	404	404	998	1.99e-26	129	PKI54237.1 hypothetical protein CRG98_025370, partial [Punica granatum]
contig_1_ign_00199	PKI33076.1	26.316	955	410	4	2194	500	179	743	4.77e-26	127	PKI33076.1 hypothetical protein CRG98_046533, partial [Punica granatum]
contig_1_ign_00199	CAB1324803.1	23.693	1107	381	10	2185	500	471	999	1.10e-25	127	CAB1324803.1 unnamed protein product, partial [Coregonus sp. 'balchen']
contig_1_ign_00199	PKI37057.1	26.279	2044	414	2	2194	500	1083	1647	2.43e-24	123	PKI37057.1 hypothetical protein CRG98_042552 [Punica granatum]
contig_1_ign_00199	PKI74123.1	24.958	905	440	3	2191	419	306	900	3.23e-24	122	PKI74123.1 hypothetical protein CRG98_005484 [Punica granatum]
contig_1_ign_00199	PKI57703.1	26.496	1557	425	3	2191	443	908	1489	1.20e-23	120	PKI57703.1 hypothetical protein CRG98_021904, partial [Punica granatum]
contig_1_ign_00199	KDR21866.1	27.987	1907	319	32	2191	443	44	593	4.94e-23	119	KDR21866.1 putative threonine-rich GPI-anchored glycoprotein [Zootermopsis nevadensis]
contig_1_ign_00199	PKI60854.1	26.937	852	407	4	2191	500	216	779	3.47e-22	115	PKI60854.1 hypothetical protein CRG98_018752 [Punica granatum]
contig_1_ign_00795	WP_077807458.1	91.667	237	4	0	261	118	188	235	3.10e-24	102	WP_077807458.1 hypothetical protein [Neoasaia chiangmaiensis] AQS88428.1 hypothetical protein A0U93_11300 [Neoasaia chiangmaiensis] GEN14500.1 hypothetical protein NCH01_09310 [Neoasaia chiangmaiensis]
contig_1_ign_00795	WP_025884915.1	86.000	223	7	0	261	112	174	223	2.09e-23	99.4	WP_025884915.1 hypothetical protein [Asaia prunellae]
contig_1_ign_00795	WP_025824667.1	86.000	226	7	0	261	112	177	226	2.43e-23	99.4	WP_025824667.1 hypothetical protein [Asaia astilbis]
contig_1_ign_00795	WP_173583174.1	87.500	242	6	0	261	118	193	240	2.70e-23	99.8	WP_173583174.1 GcrA cell cycle regulator [Acetobacter musti] NHN84778.1 GcrA cell cycle regulator [Acetobacter musti]
contig_1_ign_00795	WP_222546432.1	86.000	244	7	0	261	112	195	244	2.75e-23	99.8	WP_222546432.1 GcrA cell cycle regulator [Asaia bogorensis]
contig_1_ign_00795	WP_173577062.1	87.500	253	6	0	261	118	204	251	3.27e-23	99.8	WP_173577062.1 GcrA cell cycle regulator [Acetobacter fallax] NHO32530.1 GcrA cell cycle regulator [Acetobacter fallax] NHO36125.1 GcrA cell cycle regulator [Acetobacter fallax]
contig_1_ign_00795	WP_147093717.1	84.000	237	8	0	261	112	188	237	4.43e-23	99.0	WP_147093717.1 GcrA cell cycle regulator [Swaminathania salitolerans] GEL02624.1 hypothetical protein SSA02_17870 [Swaminathania salitolerans]
contig_1_ign_00795	WP_122048771.1	84.000	249	8	0	261	112	200	249	5.20e-23	99.0	WP_122048771.1 GcrA cell cycle regulator [Asaia bogorensis]
contig_1_ign_00795	WP_166929199.1	84.000	249	8	0	261	112	200	249	1.06e-22	98.2	WP_166929199.1 GcrA cell cycle regulator [Asaia sp. As-1742] NIE80176.1 GcrA cell cycle regulator [Asaia sp. As-1742]
contig_1_ign_00795	WP_127103087.1	86.000	238	7	0	261	112	189	238	1.09e-22	97.8	WP_127103087.1 GcrA cell cycle regulator [Asaia sp. W19] RUT24987.1 GcrA cell cycle regulator [Asaia sp. W19]
contig_1_ign_00795	WP_122038481.1	84.000	249	8	0	261	112	200	249	1.11e-22	98.2	WP_122038481.1 GcrA cell cycle regulator [Asaia bogorensis]
contig_1_ign_00795	WP_025842196.1	84.000	224	8	0	261	112	175	224	1.23e-22	97.4	WP_025842196.1 hypothetical protein [Asaia platycodi]
contig_1_ign_00795	WP_062163755.1	84.000	249	8	0	261	112	200	249	1.58e-22	97.8	WP_062163755.1 hypothetical protein [Asaia bogorensis] BAT18499.1 GcrA cell cycle regulator domain protein [Asaia bogorensis NBRC 16594] GEL52850.1 hypothetical protein ABO01nite_08570 [Asaia bogorensis NBRC 16594]
contig_1_ign_00795	WP_188425515.1	84.000	221	8	0	261	112	172	221	1.89e-22	97.1	WP_188425515.1 GcrA cell cycle regulator [Asaia siamensis] GGC25023.1 hypothetical protein GCM10007207_08010 [Asaia siamensis]
contig_1_ign_00795	WP_023979819.1	84.000	249	8	0	261	112	200	249	2.04e-22	97.4	WP_023979819.1 MULTISPECIES: GcrA cell cycle regulator [Asaia] ETC97481.1 GcrA cell cycle regulator [Asaia sp. SF2.1] CDG40233.1 hypothetical protein ASAP_2188 [Asaia bogorensis]
contig_1_ign_00796	WP_012223302.1	81.481	232	5	0	83	3	1	27	2.58e-06	53.1	WP_012223302.1 GcrA cell cycle regulator [Gluconacetobacter diazotrophicus] ACI51091.1 GcrA cell cycle regulator [Gluconacetobacter diazotrophicus PA1 5] MBB2157007.1 GcrA cell cycle regulator [Gluconacetobacter diazotrophicus] TWB07634.1 GcrA cell cycle regulator [Gluconacetobacter diazotrophicus] CAP54643.1 putative GcrA cell cycle regulator [Gluconacetobacter diazotrophicus PA1 5]
contig_1_ign_00796	WP_220376161.1	77.778	72	6	0	83	3	1	27	3.36e-06	50.1	WP_220376161.1 GcrA family cell cycle regulator, partial [Komagataeibacter hansenii]
contig_1_ign_00796	MBB2205705.1	81.481	225	5	0	83	3	1	27	4.10e-06	52.4	MBB2205705.1 GcrA cell cycle regulator [Gluconacetobacter takamatsuzukensis]
contig_1_ign_00796	MBB2174129.1	81.481	229	5	0	83	3	1	27	4.17e-06	52.4	MBB2174129.1 GcrA cell cycle regulator [Gluconacetobacter asukensis]
contig_1_ign_00796	WP_217693771.1	77.778	130	6	0	83	3	1	27	4.45e-06	51.2	WP_217693771.1 GcrA family cell cycle regulator, partial [Komagataeibacter hansenii]
contig_1_ign_00796	NPC67802.1	77.778	98	6	0	83	3	1	27	5.32e-06	50.1	NPC67802.1 GcrA cell cycle regulator [Komagataeibacter melomenusus]
contig_1_ign_00796	WP_078525096.1	77.778	204	6	0	83	3	1	27	5.56e-06	52.0	WP_078525096.1 GcrA cell cycle regulator [Komagataeibacter nataicola] AQU87348.1 GcrA cell cycle regulator [Komagataeibacter nataicola] PYD65800.1 GcrA cell cycle regulator [Komagataeibacter nataicola]
contig_1_ign_00796	WP_182987521.1	81.481	229	5	0	83	3	1	27	5.78e-06	52.0	WP_182987521.1 GcrA cell cycle regulator [Gluconacetobacter aggeris] MBB2170061.1 GcrA cell cycle regulator [Gluconacetobacter aggeris]
contig_1_ign_00796	WP_034929593.1	77.778	206	6	0	83	3	1	27	6.54e-06	51.6	WP_034929593.1 GcrA cell cycle regulator [Komagataeibacter rhaeticus] MBL7241206.1 GcrA cell cycle regulator [Komagataeibacter rhaeticus] PYD53273.1 GcrA cell cycle regulator [Komagataeibacter rhaeticus]
contig_1_ign_00796	WP_099963168.1	77.778	206	6	0	83	3	1	27	6.89e-06	51.6	WP_099963168.1 MULTISPECIES: GcrA cell cycle regulator [Komagataeibacter] ATU71639.1 GcrA cell cycle regulator [Komagataeibacter xylinus] QIP36300.1 GcrA cell cycle regulator [Komagataeibacter rhaeticus] QOC46065.1 GcrA cell cycle regulator [Komagataeibacter rhaeticus] SAY49656.1 GcrA cell cycle regulator [Komagataeibacter rhaeticus]
contig_1_ign_00796	WP_193733459.1	77.778	207	6	0	83	3	1	27	7.32e-06	51.6	WP_193733459.1 GcrA cell cycle regulator [Komagataeibacter sp. FXV3] MBE7730744.1 GcrA cell cycle regulator [Komagataeibacter sp. FXV3]
contig_1_ign_00796	WP_110567996.1	77.778	205	6	0	83	3	1	27	7.34e-06	51.6	WP_110567996.1 GcrA cell cycle regulator [Komagataeibacter sucrofermentans] PYD80224.1 GcrA cell cycle regulator [Komagataeibacter sucrofermentans]
contig_1_ign_00796	WP_192265633.1	77.778	252	6	0	83	3	1	27	7.62e-06	52.0	WP_192265633.1 GcrA cell cycle regulator [Komagataeibacter hansenii] MBL7235232.1 GcrA cell cycle regulator [Komagataeibacter hansenii] QOF95746.1 GcrA cell cycle regulator [Komagataeibacter hansenii]
contig_1_ign_00796	WP_062809442.1	77.778	252	6	0	83	3	1	27	7.62e-06	52.0	WP_062809442.1 GcrA cell cycle regulator [Komagataeibacter hansenii] CUW48184.1 GcrA cell cycle regulator [Komagataeibacter hansenii]
contig_1_ign_00796	WP_075632737.1	77.778	254	6	0	83	3	1	27	7.68e-06	52.0	WP_075632737.1 GcrA cell cycle regulator [Komagataeibacter hansenii]
contig_1_ign_00797	WP_099026968.1	80.328	158	12	0	1	183	98	158	6.97e-27	108	WP_099026968.1 preQ(1) synthase [Parasaccharibacter apium] PHI96401.1 NADPH-dependent 7-cyano-7-deazaguanine reductase QueF [Parasaccharibacter apium]
contig_1_ign_00797	WP_155579633.1	80.328	160	12	0	1	183	100	160	1.59e-26	108	WP_155579633.1 preQ(1) synthase [Bombella sp. ESL0378] MUG05226.1 NADPH-dependent 7-cyano-7-deazaguanine reductase QueF [Bombella sp. ESL0378]
contig_1_ign_00797	WP_155573794.1	80.328	160	12	0	1	183	100	160	1.81e-26	108	WP_155573794.1 preQ(1) synthase [Bombella sp. ESL0385] MUG90773.1 NADPH-dependent 7-cyano-7-deazaguanine reductase QueF [Bombella sp. ESL0385]
contig_1_ign_00797	WP_107108699.1	80.328	154	12	0	1	183	94	154	5.12e-26	106	WP_107108699.1 MULTISPECIES: preQ(1) synthase [Rhizobium] MBB5576506.1 7-cyano-7-deazaguanine reductase [Rhizobium paranaense] PST62466.1 NADPH-dependent 7-cyano-7-deazaguanine reductase QueF [Rhizobium sp. SEMIA4064]
contig_1_ign_00797	WP_080790056.1	80.328	154	12	0	1	183	94	154	6.02e-26	106	WP_080790056.1 MULTISPECIES: preQ(1) synthase [Agrobacterium] TKD34824.1 NADPH-dependent 7-cyano-7-deazaguanine reductase QueF [Agrobacterium tumefaciens] CVI61180.1 Conserved hypothetical protein; Putative GTP cyclohydrolase family protein [Agrobacterium salinitolerans str. Hayward 0363]
contig_1_ign_00797	WP_006314630.1	80.328	154	12	0	1	183	94	154	7.32e-26	106	WP_006314630.1 MULTISPECIES: preQ(1) synthase [Agrobacterium] AYM57968.1 7-cyano-7-deazaguanine reductase [Agrobacterium fabrum] AYM63040.1 7-cyano-7-deazaguanine reductase [Agrobacterium fabrum] EGL63275.1 7-cyano-7-deazaguanine reductase [Agrobacterium sp. ATCC 31749] NSY54403.1 NADPH-dependent 7-cyano-7-deazaguanine reductase QueF [Agrobacterium tumefaciens] NSY64427.1 NADPH-dependent 7-cyano-7-deazaguanine reductase QueF [Agrobacterium fabrum]
contig_1_ign_00797	WP_046798410.1	80.328	154	12	0	1	183	94	154	7.98e-26	106	WP_046798410.1 MULTISPECIES: preQ(1) synthase [Rhizobium/Agrobacterium group] KRA61071.1 7-cyano-7-deazaguanine reductase [Rhizobium sp. Root651] QCL89518.1 NADPH-dependent 7-cyano-7-deazaguanine reductase QueF [Agrobacterium tumefaciens] TKT66561.1 NADPH-dependent 7-cyano-7-deazaguanine reductase QueF [Agrobacterium sp. LC34] CUX10076.1 Conserved hypothetical protein; Putative GTP cyclohydrolase family protein [Agrobacterium tomkonis CFBP 6623]
contig_1_ign_00797	WP_004430149.1	80.328	154	12	0	1	183	94	154	8.25e-26	106	WP_004430149.1 MULTISPECIES: preQ(1) synthase [Rhizobium/Agrobacterium group] EKJ94621.1 7-cyano-7-deazaguanine reductase [Bradyrhizobium lupini HPC(L)] EPR23018.1 7-cyano-7-deazaguanine reductase [Agrobacterium radiobacter DSM 30147] MPT02091.1 NADPH-dependent 7-cyano-7-deazaguanine reductase QueF [Pseudomonas sp.] PZP42729.1 NADPH-dependent 7-cyano-7-deazaguanine reductase QueF [Agrobacterium fabrum] PZU73531.1 NADPH-dependent 7-cyano-7-deazaguanine reductase QueF [Rhizobium sp.] TGR70996.1 NADPH-dependent 7-cyano-7-deazaguanine reductase QueF [bacterium M00.F.Ca.ET.194.01.1.1] TGS55848.1 NADPH-dependent 7-cyano-7-deazaguanine reductase QueF [bacterium M00.F.Ca.ET.179.01.1.1] TGV48757.1 NADPH-dependent 7-cyano-7-deazaguanine reductase QueF [bacterium M00.F.Ca.ET.168.01.1.1] HAU77207.1 NADPH-dependent 7-cyano-7-deazaguanine reductase QueF [Agrobacterium sp.]
contig_1_ign_00797	WP_174020648.1	80.328	154	12	0	1	183	94	154	8.34e-26	106	WP_174020648.1 preQ(1) synthase [Agrobacterium fabrum] NTB08140.1 NADPH-dependent 7-cyano-7-deazaguanine reductase QueF [Agrobacterium fabrum]
contig_1_ign_00797	WP_010972191.1	80.328	154	12	0	1	183	94	154	8.34e-26	106	WP_010972191.1 MULTISPECIES: preQ(1) synthase [Agrobacterium] Q8UD54.2 RecName: Full=NADPH-dependent 7-cyano-7-deazaguanine reductase; AltName: Full=7-cyano-7-carbaguanine reductase; AltName: Full=NADPH-dependent nitrile oxidoreductase; AltName: Full=PreQ(0) reductase [Agrobacterium fabrum str. C58] AAK88014.2 conserved hypothetical protein [Agrobacterium fabrum str. C58] KEY56123.1 7-cyano-7-deazaguanine reductase [Agrobacterium tumefaciens] KJX87727.1 NADPH-dependent 7-cyano-7-deazaguanine reductase [Agrobacterium tumefaciens] MBO9656292.1 NADPH-dependent 7-cyano-7-deazaguanine reductase QueF [Agrobacterium tumefaciens] NMV71009.1 NADPH-dependent 7-cyano-7-deazaguanine reductase QueF [Agrobacterium fabrum]
contig_1_ign_00797	WP_110756115.1	80.328	154	12	0	1	183	94	154	8.52e-26	106	WP_110756115.1 preQ(1) synthase [Rhizobium sp. UGM030330-04] PYG60903.1 7-cyano-7-deazaguanine reductase [Rhizobium sp. UGM030330-04]
contig_1_ign_00797	WP_065113909.1	80.328	154	12	0	1	183	94	154	8.61e-26	106	WP_065113909.1 MULTISPECIES: preQ(1) synthase [Agrobacterium] AQS61119.1 NADPH-dependent 7-cyano-7-deazaguanine reductase QueF [Agrobacterium rhizogenes] MBO0125777.1 NADPH-dependent 7-cyano-7-deazaguanine reductase QueF [Agrobacterium sp. OT33] NSX91385.1 NADPH-dependent 7-cyano-7-deazaguanine reductase QueF [Agrobacterium tumefaciens] NSZ79720.1 NADPH-dependent 7-cyano-7-deazaguanine reductase QueF [Agrobacterium tumefaciens] OAM63849.1 NADPH-dependent 7-cyano-7-deazaguanine reductase QueF [Agrobacterium rhizogenes]
contig_1_ign_00797	WP_052818355.1	80.328	154	12	0	1	183	94	154	8.80e-26	106	WP_052818355.1 MULTISPECIES: preQ(1) synthase [Agrobacterium] MBP8939762.1 NADPH-dependent 7-cyano-7-deazaguanine reductase QueF [Agrobacterium sp.] KNY35440.1 7-cyano-7-deazaguanine reductase [Agrobacterium sp. SUL3] MCA1868443.1 NADPH-dependent 7-cyano-7-deazaguanine reductase QueF [Agrobacterium tomkonis] MCA1878737.1 NADPH-dependent 7-cyano-7-deazaguanine reductase QueF [Agrobacterium tomkonis] MCA1894018.1 NADPH-dependent 7-cyano-7-deazaguanine reductase QueF [Agrobacterium tomkonis]
contig_1_ign_00797	WP_174034285.1	80.328	154	12	0	1	183	94	154	9.49e-26	106	WP_174034285.1 preQ(1) synthase [Agrobacterium tumefaciens] NTE54809.1 NADPH-dependent 7-cyano-7-deazaguanine reductase QueF [Agrobacterium tumefaciens] NTE73577.1 NADPH-dependent 7-cyano-7-deazaguanine reductase QueF [Agrobacterium tumefaciens]
contig_1_ign_00797	WP_077981548.1	80.328	154	12	0	1	183	94	154	1.14e-25	105	WP_077981548.1 MULTISPECIES: preQ(1) synthase [Rhizobium/Agrobacterium group] OOO28876.1 NADPH-dependent 7-cyano-7-deazaguanine reductase QueF [Agrobacterium salinitolerans] PNQ26430.1 NADPH-dependent 7-cyano-7-deazaguanine reductase QueF [Rhizobium sp. YIC5082]
contig_1_ign_00124	RWF96261.1	59.574	136	19	0	62	202	1	47	1.50e-08	58.2	RWF96261.1 hypothetical protein EOQ45_04605 [Mesorhizobium sp.]
contig_1_ign_00124	RWJ12080.1	59.574	130	19	0	62	202	1	47	1.55e-08	58.2	RWJ12080.1 hypothetical protein EOR24_06655 [Mesorhizobium sp.] RWJ19658.1 hypothetical protein EOR25_05585 [Mesorhizobium sp.]
contig_1_ign_00124	WP_127315610.1	59.574	136	19	0	62	202	1	47	1.78e-08	58.2	WP_127315610.1 hypothetical protein [Mesorhizobium sp. M5C.F.Cr.IN.023.01.1.1] RWF87109.1 hypothetical protein EOQ36_14385 [Mesorhizobium sp.] RUV72875.1 hypothetical protein EOA78_13565 [Mesorhizobium sp. M5C.F.Cr.IN.023.01.1.1] RWI38678.1 hypothetical protein EOR14_21470 [Mesorhizobium sp.] RWI49799.1 hypothetical protein EOR15_09750 [Mesorhizobium sp.] RWI58895.1 hypothetical protein EOR16_11535 [Mesorhizobium sp.]
contig_1_ign_00124	WP_095495445.1	59.574	136	19	0	62	202	1	47	5.23e-08	57.0	WP_095495445.1 hypothetical protein [Mesorhizobium temperatum] PAQ06253.1 hypothetical protein CIT26_27215 [Mesorhizobium temperatum]
contig_1_ign_00124	WP_192359990.1	57.447	136	20	0	62	202	1	47	6.08e-08	56.6	WP_192359990.1 hypothetical protein [Mesorhizobium mediterraneum]
contig_1_ign_00124	PLT90553.1	57.447	121	20	0	62	202	1	47	7.38e-08	56.2	PLT90553.1 hypothetical protein BMJ34_27110 [Sinorhizobium medicae]
contig_1_ign_00124	RVJ63972.1	57.447	136	20	0	62	202	1	47	8.85e-08	56.2	RVJ63972.1 hypothetical protein CN166_01510 [Sinorhizobium medicae]
contig_1_ign_00124	WP_012061390.1	57.447	136	20	0	62	202	1	47	8.95e-08	56.2	WP_012061390.1 hypothetical protein [Sinorhizobium medicae] ABR63256.1 conserved hypothetical protein [Sinorhizobium medicae WSM419] MBO1941539.1 hypothetical protein [Sinorhizobium medicae] MBO1961967.1 hypothetical protein [Sinorhizobium medicae] MQU76444.1 hypothetical protein [Sinorhizobium medicae] MQV48635.1 hypothetical protein [Sinorhizobium medicae]
contig_1_ign_00124	WP_127660902.1	57.447	136	20	0	62	202	1	47	8.95e-08	56.2	WP_127660902.1 hypothetical protein [Sinorhizobium medicae] RVJ71122.1 hypothetical protein CN168_28635 [Sinorhizobium medicae] VTZ64016.1 conserved hypothetical protein [Sinorhizobium medicae]
contig_1_ign_00124	MQY00904.1	57.447	136	20	0	62	202	1	47	9.24e-08	56.2	MQY00904.1 hypothetical protein [Sinorhizobium medicae] RVI95653.1 hypothetical protein CN186_08600 [Sinorhizobium medicae] RVJ75206.1 hypothetical protein CN167_14955 [Sinorhizobium medicae]
contig_1_ign_00124	RWH80316.1	57.447	136	20	0	62	202	1	47	1.84e-07	55.5	RWH80316.1 hypothetical protein EOQ85_10175 [Mesorhizobium sp.] RWH83286.1 hypothetical protein EOQ86_12730 [Mesorhizobium sp.] RWH91897.1 hypothetical protein EOQ87_06845 [Mesorhizobium sp.] RWI00550.1 hypothetical protein EOQ88_06820 [Mesorhizobium sp.] RWI06427.1 hypothetical protein EOQ89_01375 [Mesorhizobium sp.]
contig_1_ign_00124	WP_123150457.1	57.447	136	20	0	62	202	1	47	1.88e-07	55.5	WP_123150457.1 hypothetical protein [Mesorhizobium delmotii] SJM33783.1 conserved exported hypothetical protein [Mesorhizobium delmotii]
contig_1_ign_00124	RWM77450.1	57.447	136	20	0	62	202	1	47	1.90e-07	55.5	RWM77450.1 hypothetical protein EOR81_18300 [Mesorhizobium sp.]
contig_1_ign_00124	TIP86314.1	57.447	136	20	0	62	202	1	47	1.92e-07	55.5	TIP86314.1 hypothetical protein E5X63_12275 [Mesorhizobium sp.]
contig_1_ign_00124	WP_114442656.1	55.319	136	21	0	62	202	1	47	4.63e-07	54.3	WP_114442656.1 hypothetical protein [Phyllobacterium salinisoli] RCS21700.1 hypothetical protein DUT91_22205 [Phyllobacterium salinisoli]
contig_1_ign_00126	WP_143746475.1	52.055	72	29	1	433	215	3	69	4.71e-12	69.7	WP_143746475.1 Arm DNA-binding domain-containing protein, partial [Caballeronia catudaia]
contig_1_ign_00126	HAS1516699.1	56.522	105	25	1	400	209	14	82	5.01e-12	70.9	HAS1516699.1 DUF4102 domain-containing protein [Enterobacter hormaechei]
contig_1_ign_00126	SAC34703.1	56.522	118	25	1	400	209	14	82	5.55e-12	70.9	SAC34703.1 putative integrase [Enterobacter hormaechei]
contig_1_ign_00126	CZV01233.1	56.522	112	25	1	400	209	14	82	5.79e-12	70.9	CZV01233.1 putative integrase [Enterobacter hormaechei]
contig_1_ign_00126	WP_143746485.1	52.055	72	29	1	433	215	3	69	6.34e-12	69.3	WP_143746485.1 Arm DNA-binding domain-containing protein, partial [Caballeronia catudaia]
contig_1_ign_00126	NAI60464.1	52.500	99	33	1	433	209	3	82	1.01e-11	69.7	NAI60464.1 integrase arm-type DNA-binding domain-containing protein [Escherichia coli]
contig_1_ign_00126	EGI4106429.1	54.930	98	32	0	433	221	3	73	1.14e-11	69.7	EGI4106429.1 DUF4102 domain-containing protein [Escherichia coli]
contig_1_ign_00126	WP_071654050.1	52.500	404	33	1	433	209	3	82	2.16e-11	73.6	WP_071654050.1 integrase arm-type DNA-binding domain-containing protein [Ralstonia solanacearum] APC69686.1 DUF4102 domain-containing protein [Ralstonia solanacearum OE1-1] TXE00985.1 DUF4102 domain-containing protein [Ralstonia pseudosolanacearum] BCM01146.1 integrase [Ralstonia solanacearum]
contig_1_ign_00126	EHS5025322.1	54.930	78	32	0	433	221	3	73	2.33e-11	68.2	EHS5025322.1 DUF4102 domain-containing protein [Salmonella enterica]
contig_1_ign_00126	WP_167813800.1	57.812	404	27	0	433	242	3	66	2.55e-11	73.6	WP_167813800.1 integrase arm-type DNA-binding domain-containing protein [Ralstonia solanacearum] NKA75098.1 integrase [Ralstonia solanacearum]
contig_1_ign_00126	WP_138929176.1	57.812	400	27	0	433	242	3	66	2.83e-11	73.2	WP_138929176.1 integrase arm-type DNA-binding domain-containing protein [Ralstonia solanacearum] QCX49700.1 DUF4102 domain-containing protein [Ralstonia solanacearum]
contig_1_ign_00126	GEM18348.1	50.000	230	33	0	436	239	1	66	2.91e-11	71.6	GEM18348.1 phage integrase [Gluconobacter oxydans NBRC 3293]
contig_1_ign_00126	WP_071615148.1	57.812	404	27	0	433	242	3	66	3.00e-11	73.2	WP_071615148.1 integrase arm-type DNA-binding domain-containing protein [Ralstonia solanacearum] OIT17653.1 integrase [Ralstonia solanacearum]
contig_1_ign_00126	VDZ68628.1	46.237	172	45	1	400	137	14	106	3.03e-11	70.5	VDZ68628.1 Integrase [Klebsiella aerogenes]
contig_1_ign_00126	EFE06007.1	46.753	74	35	1	436	206	1	71	3.29e-11	67.8	EFE06007.1 hypothetical protein CIT292_10986 [Citrobacter youngae ATCC 29220]
contig_1_ign_00790	WP_146926891.1	51.402	1218	52	0	140	460	1110	1216	1.07e-25	113	WP_146926891.1 Tox-REase-5 domain-containing protein [Asaia bogorensis]
contig_1_ign_00790	GEL54899.1	51.402	1237	52	0	140	460	1129	1235	1.16e-25	113	GEL54899.1 hypothetical protein ABO01nite_29060 [Asaia bogorensis NBRC 16594]
contig_1_ign_00790	WP_025841911.1	50.000	85	39	0	143	376	8	85	1.92e-16	80.5	WP_025841911.1 Tox-REase-5 domain-containing protein [Asaia platycodi]
contig_1_ign_00790	WP_085772309.1	44.086	741	46	3	137	409	634	722	3.59e-12	74.7	WP_085772309.1 phage portal protein [Methylocystis bryophila] ARN82185.1 hypothetical protein B1812_15050 [Methylocystis bryophila]
contig_1_ign_00790	WP_182217555.1	40.952	443	60	1	143	451	336	440	7.95e-12	73.6	WP_182217555.1 Tox-REase-5 domain-containing protein [Duganella sp. FT3S] MBA5605994.1 hypothetical protein [Duganella sp. FT3S]
contig_1_ign_00790	QGM45825.1	48.052	203	37	2	137	361	96	171	4.16e-11	69.7	QGM45825.1 hypothetical protein H2LOC_008990 [Methylocystis heyeri]
contig_1_ign_00790	WP_073567137.1	44.565	566	48	2	140	412	461	550	1.16e-10	70.5	WP_073567137.1 Tox-REase-5 domain-containing protein [Archangium sp. Cb G35] OJT17616.1 hypothetical protein BO221_44435 [Archangium sp. Cb G35]
contig_1_ign_00790	WP_095990177.1	43.478	566	49	2	140	412	461	550	1.83e-10	69.7	WP_095990177.1 Tox-REase-5 domain-containing protein [Cystobacter fuscus] ATB42655.1 hypothetical protein CYFUS_008134 [Cystobacter fuscus]
contig_1_ign_00790	MBL9136515.1	40.708	458	55	5	137	454	349	456	2.00e-10	69.7	MBL9136515.1 hypothetical protein [Verrucomicrobiales bacterium]
contig_1_ign_00790	WP_223011830.1	44.681	5111	44	3	143	418	5009	5096	3.27e-10	69.3	WP_223011830.1 hemagglutinin repeat-containing protein [Sphingomonas yunnanensis] MBY9063222.1 hemagglutinin repeat-containing protein [Sphingomonas yunnanensis]
contig_1_ign_00790	WP_046014069.1	43.956	190	43	3	143	406	89	174	1.35e-08	62.8	WP_046014069.1 Tox-REase-5 domain-containing protein [Microbacterium sp. SA39] KJQ53308.1 hypothetical protein RS85_02822 [Microbacterium sp. SA39]
contig_1_ign_00790	WP_162009737.1	45.070	102	36	2	155	361	1	70	3.21e-08	59.7	WP_162009737.1 Tox-REase-5 domain-containing protein [Methylocystis heyeri]
contig_1_ign_00790	RCK48602.1	38.947	218	54	2	140	412	103	197	2.10e-07	59.7	RCK48602.1 hypothetical protein TH44_15950 [Thalassospira xiamenensis]
contig_1_ign_00790	WP_220150188.1	38.947	228	54	2	140	412	113	207	2.54e-07	59.7	WP_220150188.1 restriction endonuclease fold toxin 5 domain-containing protein, partial [Thalassospira xiamenensis]
contig_1_ign_00790	WP_231886954.1	38.947	247	54	2	140	412	132	226	2.75e-07	59.7	WP_231886954.1 restriction endonuclease fold toxin 5 domain-containing protein, partial [Thalassospira xiamenensis]
contig_1_ign_00518	WP_213375966.1	76.667	435	7	0	15	104	1	30	1.92e-06	52.8	WP_213375966.1 reverse transcriptase/maturase family protein [Ancylobacter dichloromethanicus] MBS7556418.1 group II intron reverse transcriptase domain-containing protein [Ancylobacter dichloromethanicus]
contig_1_ign_00518	AHJ65746.1	74.194	460	8	0	12	104	28	58	3.38e-06	52.4	AHJ65746.1 Reverse transcriptase-like protein [Granulibacter bethesdensis CGDNIH4]
contig_1_ign_00518	OJU36809.1	67.647	436	11	0	3	104	1	34	6.65e-06	51.2	OJU36809.1 hypothetical protein BGN99_22480 [Alphaproteobacteria bacterium 65-37]
contig_1_ign_00518	WP_025320207.1	78.571	431	6	0	21	104	2	29	7.63e-06	51.2	WP_025320207.1 hypothetical protein [Granulibacter bethesdensis]
contig_1_ign_00518	WP_058861287.1	72.414	430	8	0	15	101	1	29	2.07e-05	50.1	WP_058861287.1 reverse transcriptase/maturase family protein [Ponticoccus marisrubri] KUF11342.1 hypothetical protein AVJ23_06110 [Ponticoccus marisrubri]
contig_1_ign_00518	WP_187971305.1	72.414	270	8	0	15	101	1	29	6.17e-05	48.5	WP_187971305.1 hypothetical protein [Aquibium microcysteis]
contig_1_ign_00338	MCA3349340.1	72.727	90	21	0	501	731	1	77	1.92e-29	116	MCA3349340.1 BrnT family toxin [Roseomonas sp.]
contig_1_ign_00338	MCA3361409.1	74.026	90	20	0	501	731	1	77	1.98e-29	116	MCA3361409.1 BrnT family toxin [Roseomonas sp.] MCA3382657.1 BrnT family toxin [Roseomonas sp.]
contig_1_ign_00338	MCA3311753.1	72.727	90	21	0	501	731	1	77	2.28e-29	116	MCA3311753.1 BrnT family toxin [Roseomonas sp.] MCA3344452.1 BrnT family toxin [Roseomonas sp.] MCA3416042.1 BrnT family toxin [Roseomonas sp.]
contig_1_ign_00338	MCA3424380.1	72.727	90	21	0	501	731	1	77	4.55e-29	115	MCA3424380.1 BrnT family toxin [Roseomonas sp.] MCA3430698.1 BrnT family toxin [Roseomonas sp.] MCA3431989.1 BrnT family toxin [Roseomonas sp.]
contig_1_ign_00338	MCA3304043.1	70.130	90	23	0	501	731	1	77	2.13e-28	114	MCA3304043.1 BrnT family toxin [Roseomonas sp.] MCA3305690.1 BrnT family toxin [Roseomonas sp.]
contig_1_ign_00338	WP_182973542.1	75.325	90	19	0	501	731	1	77	4.28e-28	113	WP_182973542.1 BrnT family toxin [Gluconacetobacter dulcium] MBB2164349.1 BrnT family toxin [Gluconacetobacter dulcium] MBB2193581.1 BrnT family toxin [Gluconacetobacter dulcium]
contig_1_ign_00338	WP_083591351.1	70.130	92	23	0	501	731	1	77	2.92e-27	111	WP_083591351.1 BrnT family toxin [Aurantimonas sp. 22II-16-19i] ORE97346.1 hypothetical protein ATO4_09851 [Aurantimonas sp. 22II-16-19i]
contig_1_ign_00338	WP_099286671.1	70.130	90	23	0	501	731	1	77	2.98e-27	110	WP_099286671.1 BrnT family toxin [Gluconobacter kondonii] MBS1057256.1 BrnT family toxin [Gluconobacter kondonii] MBS1065954.1 BrnT family toxin [Gluconobacter kondonii] MBS1079253.1 BrnT family toxin [Gluconobacter kondonii]
contig_1_ign_00338	WP_191082790.1	70.130	92	23	0	501	731	1	77	3.29e-27	110	WP_191082790.1 BrnT family toxin [Roseococcus microcysteis]
contig_1_ign_00338	WP_025824795.1	71.429	90	22	0	501	731	1	77	3.39e-27	110	WP_025824795.1 BrnT family toxin [Asaia astilbis]
contig_1_ign_00338	OYV69631.1	68.831	93	24	0	501	731	1	77	4.11e-27	110	OYV69631.1 hypothetical protein B7Z67_08030 [Acidiphilium sp. 21-60-14] OYV88807.1 hypothetical protein B7Z57_14505 [Acidiphilium sp. 37-60-79] OZB38876.1 hypothetical protein B7X48_11095 [Acidiphilium sp. 34-60-192]
contig_1_ign_00338	MBI4273100.1	71.429	90	22	0	501	731	1	77	4.43e-27	110	MBI4273100.1 BrnT family toxin [Hyphomicrobiales bacterium]
contig_1_ign_00338	KAA0574231.1	64.935	99	27	0	501	731	3	79	6.07e-27	110	KAA0574231.1 BrnT family toxin [Azospirillum sp. B21]
contig_1_ign_00338	WP_233069309.1	68.831	90	24	0	501	731	1	77	6.25e-27	110	WP_233069309.1 BrnT family toxin [Komagataeibacter sp. FNDCF1] MCE2566448.1 BrnT family toxin [Komagataeibacter sp. FNDCF1]
contig_1_ign_00338	WP_215855493.1	67.532	90	25	0	501	731	1	77	6.53e-27	110	WP_215855493.1 BrnT family toxin [Acidithiobacillus ferrooxidans] MBU2857699.1 BrnT family toxin [Acidithiobacillus ferrooxidans] MBU2861972.1 BrnT family toxin [Acidithiobacillus ferrooxidans]
contig_1_ign_01023	QEJ71036.1	62.500	54	15	0	268	387	9	48	4.10e-07	55.8	QEJ71036.1 XRE family transcriptional regulator [Xanthomonas oryzae pv. oryzae]
contig_1_ign_01023	WP_075241677.1	62.500	75	15	0	268	387	30	69	6.84e-07	55.8	WP_075241677.1 hypothetical protein [Xanthomonas oryzae] QBN93037.1 XRE family transcriptional regulator [Xanthomonas oryzae pv. oryzae] RBB62302.1 XRE family transcriptional regulator [Xanthomonas oryzae pv. oryzae] RBG61919.1 XRE family transcriptional regulator [Xanthomonas oryzae pv. oryzae] RBH74627.1 XRE family transcriptional regulator [Xanthomonas oryzae pv. oryzae]
contig_1_ign_01023	TAL65737.1	53.061	88	23	0	238	384	20	68	3.91e-06	54.3	TAL65737.1 hypothetical protein EPN79_11185 [Burkholderiaceae bacterium] TBR76752.1 hypothetical protein EPN64_05890 [Burkholderiaceae bacterium]
contig_1_ign_01023	AXM15598.1	50.000	65	26	0	229	384	6	57	5.02e-06	53.5	AXM15598.1 XRE family transcriptional regulator [Xanthomonas oryzae pv. oryzae]
contig_1_ign_01023	WP_221033448.1	51.020	68	24	0	238	384	12	60	5.51e-06	53.5	WP_221033448.1 helix-turn-helix domain-containing protein [Pseudomonas cichorii]
contig_1_ign_01023	MBP6188969.1	57.500	59	17	0	268	387	18	57	8.83e-06	52.8	MBP6188969.1 helix-turn-helix domain-containing protein [Azonexus sp.]
contig_1_ign_01023	MBP8788262.1	55.000	63	18	0	268	387	22	61	1.12e-05	52.4	MBP8788262.1 hypothetical protein [Azonexus sp.]
contig_1_ign_01023	WP_076908931.1	50.000	84	24	0	268	411	31	78	1.45e-05	52.8	WP_076908931.1 helix-turn-helix domain-containing protein [Burkholderia pseudomallei]
contig_1_ign_01023	RBH90728.1	58.974	55	16	0	268	384	9	47	1.95e-05	51.6	RBH90728.1 XRE family transcriptional regulator [Xanthomonas oryzae pv. oryzae] RBL10293.1 XRE family transcriptional regulator [Xanthomonas oryzae pv. oryzae] RBL35637.1 XRE family transcriptional regulator [Xanthomonas oryzae pv. oryzae] RBL61726.1 XRE family transcriptional regulator [Xanthomonas oryzae pv. oryzae]
contig_1_ign_01023	HAK9808814.1	52.381	74	20	0	268	393	17	58	1.98e-05	52.0	HAK9808814.1 helix-turn-helix domain-containing protein [Escherichia coli]
contig_1_ign_01023	WP_075243509.1	58.974	76	16	0	268	384	30	68	2.56e-05	52.0	WP_075243509.1 helix-turn-helix domain-containing protein [Xanthomonas oryzae] OLH89557.1 hypothetical protein DXO216_10775 [Xanthomonas oryzae pv. oryzae] OLK13183.1 hypothetical protein IXO597_16740 [Xanthomonas oryzae pv. oryzae]
contig_1_ign_01023	WP_194429508.1	44.000	73	28	0	238	387	15	64	2.62e-05	51.6	WP_194429508.1 helix-turn-helix domain-containing protein [Klebsiella pneumoniae] CAF9746625.1 hypothetical protein AI3070V1_5056 [Klebsiella pneumoniae]
contig_1_ign_01023	WP_046664217.1	44.000	73	28	0	238	387	15	64	2.76e-05	51.6	WP_046664217.1 MULTISPECIES: helix-turn-helix domain-containing protein [Enterobacteriaceae] APM46944.1 hypothetical protein BB788_29230 [Klebsiella pneumoniae] AVX52203.1 hypothetical protein pKP91-00040 [Klebsiella pneumoniae] KKJ59732.1 hypothetical protein T644_19310 [Klebsiella pneumoniae MRSN 2404] KXA83618.1 hypothetical protein ABY52_27670 [Klebsiella pneumoniae] MBC3838967.1 helix-turn-helix domain-containing protein [Klebsiella pneumoniae]
contig_1_ign_01023	OGS91741.1	48.214	79	24	1	232	384	18	73	3.14e-05	51.6	OGS91741.1 hypothetical protein A2061_01140 [Gallionellales bacterium GWA2_59_43]
contig_1_ign_01023	TGC30851.1	50.000	65	25	0	238	387	9	58	3.33e-05	51.2	TGC30851.1 transcriptional regulator [Pseudomonas citronellolis]
contig_1_ign_00751	WP_159829418.1	57.812	310	27	0	192	1	1	64	2.93e-12	75.1	WP_159829418.1 glutaminase [Novosphingobium sp. TCA1] GFE73663.1 glutaminase [Novosphingobium sp. TCA1]
contig_1_ign_00751	WP_086491724.1	57.812	310	27	0	192	1	1	64	3.21e-12	74.7	WP_086491724.1 glutaminase [Novosphingobium panipatense]
contig_1_ign_00751	OYZ39332.1	54.545	71	30	0	198	1	4	69	4.59e-12	69.3	OYZ39332.1 hypothetical protein B7Y31_08130, partial [Novosphingobium sp. 16-62-11]
contig_1_ign_00751	PZU10179.1	52.055	353	35	0	219	1	34	106	6.01e-12	74.3	PZU10179.1 glutaminase [Sphingomonas sp.]
contig_1_ign_00751	MBO9724598.1	57.812	310	27	0	192	1	1	64	6.95e-12	73.9	MBO9724598.1 glutaminase [Novosphingobium sp.]
contig_1_ign_00751	KPF79525.1	59.375	312	26	0	192	1	1	64	1.69e-11	72.8	KPF79525.1 glutaminase [Novosphingobium sp. AAP93]
contig_1_ign_00751	WP_147158266.1	57.812	312	27	0	192	1	1	64	2.23e-11	72.4	WP_147158266.1 glutaminase [Novosphingobium sediminis] GEN98892.1 glutaminase [Novosphingobium sediminis]
contig_1_ign_00751	PZQ55417.1	56.250	310	28	0	192	1	1	64	2.74e-11	72.4	PZQ55417.1 glutaminase [Novosphingobium pentaromativorans]
contig_1_ign_00751	MBX9663500.1	54.688	312	29	0	192	1	1	64	3.99e-11	72.0	MBX9663500.1 glutaminase [Novosphingobium sp.]
contig_1_ign_00751	WP_072380199.1	57.812	312	27	0	192	1	1	64	5.17e-11	71.6	WP_072380199.1 glutaminase [Novosphingobium sp. NDB2Meth1]
contig_1_ign_00751	MBU6395183.1	57.812	312	27	0	192	1	1	64	6.70e-11	71.2	MBU6395183.1 glutaminase [Sphingomonadales bacterium]
contig_1_ign_00751	KMS59835.1	58.621	304	24	0	174	1	1	58	6.83e-11	71.2	KMS59835.1 glutaminase [Novosphingobium barchaimii LL02]
contig_1_ign_00751	KIS29813.1	58.621	307	24	0	174	1	4	61	9.91e-11	70.9	KIS29813.1 glutaminase [Novosphingobium sp. P6W]
contig_1_ign_00751	WP_082057989.1	58.621	312	24	0	174	1	9	66	1.02e-10	70.9	WP_082057989.1 glutaminase [Novosphingobium sp. P6W] AXB77091.1 glutaminase [Novosphingobium sp. P6W]
contig_1_ign_00751	WP_132261845.1	53.125	310	30	0	192	1	1	64	1.15e-10	70.5	WP_132261845.1 glutaminase [Novosphingobium sp. PhB57] TCU60868.1 L-glutaminase [Novosphingobium sp. PhB57]
contig_1_ign_00924	NMN74179.1	46.479	69	35	2	712	500	2	69	1.23e-05	53.5	NMN74179.1 hypothetical protein [Rhizobium sp. 57MFTsu3.2]
contig_1_ign_00924	RKE86071.1	61.364	44	17	0	631	500	1	44	3.70e-05	51.6	RKE86071.1 hypothetical protein DFO46_2876 [Rhizobium sp. AG855]
contig_1_ign_00058	WP_042058709.1	54.902	201	20	1	186	338	1	48	1.47e-09	63.9	WP_042058709.1 lipoprotein [Acidomonas methanolica] MBU2655110.1 hypothetical protein [Acidomonas methanolica] TCS24788.1 hypothetical protein EDC31_12142 [Acidomonas methanolica] GAJ29178.1 lipoprotein [Acidomonas methanolica NBRC 104435] GEK99864.1 hypothetical protein AME01nite_23630 [Acidomonas methanolica NBRC 104435]
contig_1_ign_00058	RUT27317.1	67.568	199	12	0	228	338	10	46	1.62e-09	63.9	RUT27317.1 hypothetical protein C0V97_03155 [Asaia sp. W19]
contig_1_ign_00058	WP_199751584.1	67.568	204	12	0	228	338	15	51	1.74e-09	63.9	WP_199751584.1 hypothetical protein [Asaia sp. W19]
contig_1_ign_00058	RPG48691.1	65.000	199	14	0	219	338	9	48	3.52e-09	63.2	RPG48691.1 transglycosylase [Gammaproteobacteria bacterium TMED104]
contig_1_ign_00058	WP_207912125.1	54.902	242	20	1	186	338	42	89	3.88e-09	63.5	WP_207912125.1 hypothetical protein [Acidomonas methanolica]
contig_1_ign_00058	MBR39534.1	57.143	203	18	0	213	338	11	52	7.19e-09	62.4	MBR39534.1 transglycosylase [Flavobacteriaceae bacterium]
contig_1_ign_00058	WP_141462230.1	55.814	204	19	0	210	338	9	51	7.68e-09	62.0	WP_141462230.1 hypothetical protein [Swingsia samuiensis] QDH17874.1 hypothetical protein E3D00_10050 [Swingsia samuiensis]
contig_1_ign_00058	RZP00577.1	57.447	201	20	0	204	344	3	49	8.18e-09	62.0	RZP00577.1 transglycosylase [Gammaproteobacteria bacterium]
contig_1_ign_00058	MAL31052.1	61.538	199	15	0	222	338	10	48	1.05e-08	61.6	MAL31052.1 transglycosylase [Gammaproteobacteria bacterium]
contig_1_ign_00058	GIR07571.1	62.500	199	15	0	219	338	9	48	1.26e-08	61.6	GIR07571.1 hypothetical protein CM15mP17_15270 [Gammaproteobacteria bacterium]
contig_1_ign_00058	WP_222591076.1	65.714	215	12	0	234	338	28	62	1.42e-08	61.6	WP_222591076.1 hypothetical protein [Swaminathania salitolerans]
contig_1_ign_00058	GEL02977.1	65.714	204	12	0	234	338	17	51	1.42e-08	61.6	GEL02977.1 hypothetical protein SSA02_21400 [Swaminathania salitolerans]
contig_1_ign_00058	CDG33308.1	44.928	236	31	2	144	338	15	80	1.87e-08	61.6	CDG33308.1 hypothetical protein SACS_0570 [Parasaccharibacter apium]
contig_1_ign_00058	MBT87572.1	51.020	202	24	0	192	338	3	51	2.06e-08	60.8	MBT87572.1 transglycosylase [Gammaproteobacteria bacterium]
contig_1_ign_00058	WP_031241014.1	60.000	203	16	0	219	338	11	50	2.70e-08	60.8	WP_031241014.1 MULTISPECIES: hypothetical protein [Asaia] CDG40168.1 hypothetical protein ASAP_2123 [Asaia bogorensis]
contig_1_ign_01142	MBB4952668.1	69.955	359	67	0	671	3	137	359	3.13e-106	320	MBB4952668.1 cellulose biosynthesis protein BcsQ [Agrobacterium vitis] MBE1436983.1 cellulose biosynthesis protein BcsQ [Agrobacterium vitis]
contig_1_ign_01142	WP_183009732.1	70.852	361	65	0	671	3	139	361	3.41e-106	320	WP_183009732.1 ParA family protein [Gluconacetobacter dulcium] MBB2198599.1 ParA family protein [Gluconacetobacter dulcium]
contig_1_ign_01142	WP_174111547.1	69.955	359	67	0	671	3	137	359	3.45e-106	320	WP_174111547.1 ParA family protein [Agrobacterium vitis] NSZ17623.1 ParA family protein [Agrobacterium vitis] QZO03313.1 ParA family protein [Agrobacterium vitis]
contig_1_ign_01142	WP_128238706.1	70.404	359	66	0	671	3	137	359	8.44e-106	319	WP_128238706.1 ParA family protein [Sinirhodobacter populi] RWR26364.1 ParA family protein [Sinirhodobacter populi]
contig_1_ign_01142	WP_035744082.1	70.404	359	66	0	671	3	137	359	2.23e-105	318	WP_035744082.1 ParA family protein [Haematobacter missouriensis] KFI32562.1 cobyrinic acid a,c-diamide synthase [Haematobacter missouriensis] OWJ76771.1 ParA family protein [Haematobacter missouriensis] OWJ81731.1 ParA family protein [Haematobacter missouriensis]
contig_1_ign_01142	WP_054302711.1	69.507	359	68	0	671	3	137	359	4.11e-105	318	WP_054302711.1 ParA family protein [Gemmobacter sp. LW-1]
contig_1_ign_01142	WP_060641820.1	58.559	366	92	0	668	3	145	366	4.60e-91	282	WP_060641820.1 ParA family protein [Rhizobium sp. Root491] KQY53125.1 cobyrinic acid a,c-diamide synthase [Rhizobium sp. Root491]
contig_1_ign_01142	MBS0258396.1	59.009	366	91	0	668	3	145	366	6.66e-91	281	MBS0258396.1 ParA family protein [Proteobacteria bacterium]
contig_1_ign_01142	WP_108081940.1	59.459	366	90	0	668	3	145	366	1.40e-90	281	WP_108081940.1 ParA family protein [Rhizobium pusense] PTV72143.1 cobyrinic acid a,c-diamide synthase [Rhizobium pusense]
contig_1_ign_01142	WP_038075020.1	54.955	366	100	0	668	3	145	366	1.20e-85	268	WP_038075020.1 AAA family ATPase [Thioclava pacifica] KEO54120.1 hypothetical protein TP2_04160 [Thioclava pacifica DSM 10166]
contig_1_ign_01142	WP_012384419.1	57.658	366	94	0	668	3	145	366	1.84e-85	268	WP_012384419.1 ParA family protein [Beijerinckia indica] ACB95062.1 Cobyrinic acid ac-diamide synthase [Beijerinckia indica subsp. indica ATCC 9039]
contig_1_ign_01142	WP_140545524.1	58.296	367	92	1	668	3	145	367	3.15e-85	267	WP_140545524.1 ParA family protein [Mesorhizobium sp. B1-1-5] TPO01712.1 ParA family protein [Mesorhizobium sp. B1-1-5]
contig_1_ign_01142	WP_127564967.1	56.561	367	95	1	668	9	145	365	2.49e-84	265	WP_127564967.1 ParA family protein [Stenotrophomonas indicatrix]
contig_1_ign_01142	WP_116398695.1	55.455	367	97	1	668	12	145	364	1.53e-82	260	WP_116398695.1 ParA family protein [Methylovirgula sp. 4M-Z18] RFB80432.1 ParA family protein [Methylovirgula sp. 4M-Z18]
contig_1_ign_01142	RYY22777.1	57.534	367	92	1	668	15	145	363	2.10e-82	260	RYY22777.1 ParA family protein [Sphingomonadales bacterium]
contig_1_ign_00957	GFE65355.1	73.913	70	10	2	168	34	14	58	2.59e-07	54.3	GFE65355.1 hypothetical protein KIN_24290 [Litoreibacter roseus]
contig_1_ign_00957	ASY68977.1	59.184	143	20	0	26	172	34	82	1.51e-06	53.9	ASY68977.1 hypothetical protein SF83666_c15590 [Sinorhizobium fredii CCBAU 83666] AWM25052.1 hypothetical protein AOX55_00001798 [Sinorhizobium fredii CCBAU 25509]
contig_1_ign_00957	AWI57255.1	59.184	143	20	0	26	172	34	82	1.68e-06	53.9	AWI57255.1 hypothetical protein AB395_00001599 [Sinorhizobium fredii CCBAU 45436]
contig_1_ign_01114	WP_222548209.1	68.966	185	9	0	900	814	88	116	5.64e-07	38.9	WP_222548209.1 recombinase family protein [Asaia bogorensis]
contig_1_ign_01114	WP_194257720.1	65.517	185	10	0	900	814	88	116	6.68e-06	37.4	WP_194257720.1 recombinase family protein [Gluconobacter japonicus] MBF0870480.1 recombinase family protein [Gluconobacter japonicus]
contig_1_ign_01114	WP_211581484.1	65.517	185	10	0	900	814	88	116	7.12e-06	37.4	WP_211581484.1 recombinase family protein [Gluconobacter wancherniae] MBS1088816.1 recombinase family protein [Gluconobacter wancherniae]
contig_1_ign_01116	WP_110507767.1	74.242	66	17	0	209	12	1	66	4.38e-22	96.3	WP_110507767.1 type II toxin-antitoxin system Phd/YefM family antitoxin [Komagataeibacter oboediens] PYD78145.1 type II toxin-antitoxin system prevent-host-death family antitoxin [Komagataeibacter oboediens]
contig_1_ign_01116	WP_215762458.1	71.212	66	19	0	209	12	1	66	2.34e-21	94.4	WP_215762458.1 type II toxin-antitoxin system prevent-host-death family antitoxin [Acetobacter sp. P1H12_c]
contig_1_ign_01116	WP_109444017.1	60.606	65	24	1	209	12	1	64	1.03e-16	82.4	WP_109444017.1 type II toxin-antitoxin system Phd/YefM family antitoxin [Azospirillum sp. TSH100] PWC81514.1 hypothetical protein TSH100_27110 [Azospirillum sp. TSH100] QCG91359.1 type II toxin-antitoxin system Phd/YefM family antitoxin [Azospirillum sp. TSH100]
contig_1_ign_01116	WP_093925455.1	56.923	65	28	0	209	15	1	65	1.11e-15	79.7	WP_093925455.1 type II toxin-antitoxin system Phd/YefM family antitoxin [Sulfitobacter brevis] SFF17851.1 prevent-host-death family protein [Sulfitobacter brevis]
contig_1_ign_01116	MAY85348.1	64.516	65	20	1	209	24	1	60	1.38e-14	77.0	MAY85348.1 type II toxin-antitoxin system prevent-host-death family antitoxin [Pseudooceanicola sp.]
contig_1_ign_01116	WP_138863165.1	62.712	65	22	0	209	33	1	59	1.56e-14	76.6	WP_138863165.1 type II toxin-antitoxin system Phd/YefM family antitoxin [Arenibacterium halophilum] TMV12611.1 type II toxin-antitoxin system Phd/YefM family antitoxin [Arenibacterium halophilum]
contig_1_ign_01116	WP_113668834.1	74.000	65	13	0	209	60	1	50	4.23e-14	75.9	WP_113668834.1 type II toxin-antitoxin system Phd/YefM family antitoxin [Rhodovulum sp. BSW8] RBO54182.1 type II toxin-antitoxin system prevent-host-death family antitoxin [Rhodovulum sp. BSW8]
contig_1_ign_01116	WP_074555936.1	63.492	66	23	0	209	21	1	63	6.92e-14	75.1	WP_074555936.1 type II toxin-antitoxin system Phd/YefM family antitoxin [Rhodobacter capsulatus] SDG03028.1 prevent-host-death family protein [Rhodobacter capsulatus]
contig_1_ign_01116	WP_230377246.1	69.231	65	16	0	209	54	1	52	1.15e-13	74.7	WP_230377246.1 type II toxin-antitoxin system Phd/YefM family antitoxin [Paracoccus sp. MA] UFM64855.1 type II toxin-antitoxin system Phd/YefM family antitoxin [Paracoccus sp. MA]
contig_1_ign_01116	WP_152217645.1	57.576	65	26	1	209	12	1	64	1.34e-13	74.3	WP_152217645.1 type II toxin-antitoxin system Phd/YefM family antitoxin [Parvibaculum sedimenti] KAB7738415.1 type II toxin-antitoxin system prevent-host-death family antitoxin [Parvibaculum sedimenti]
contig_1_ign_01116	MCE2492803.1	61.017	62	23	0	209	33	1	59	3.03e-13	73.2	MCE2492803.1 type II toxin-antitoxin system Phd/YefM family antitoxin [Alphaproteobacteria bacterium]
contig_1_ign_01116	WP_093360579.1	56.923	65	26	1	209	15	1	63	3.56e-13	73.2	WP_093360579.1 type II toxin-antitoxin system Phd/YefM family antitoxin [Tropicimonas isoalkanivorans] SFC44384.1 prevent-host-death family protein [Tropicimonas isoalkanivorans]
contig_1_ign_01116	MBW7862471.1	56.923	70	28	0	209	15	1	65	5.21e-13	72.8	MBW7862471.1 type II toxin-antitoxin system Phd/YefM family antitoxin [Rhodocyclaceae bacterium]
contig_1_ign_01116	WP_200290277.1	60.656	62	19	1	209	27	1	56	6.49e-13	72.4	WP_200290277.1 type II toxin-antitoxin system Phd/YefM family antitoxin [Rhodospirillum rubrum] MBK1663661.1 type II toxin-antitoxin system prevent-host-death family antitoxin [Rhodospirillum rubrum] MBK1675979.1 type II toxin-antitoxin system prevent-host-death family antitoxin [Rhodospirillum rubrum]
contig_1_ign_01116	WP_149814260.1	58.065	62	26	0	209	24	1	62	7.29e-13	72.4	WP_149814260.1 type II toxin-antitoxin system Phd/YefM family antitoxin [Roseomonas oryzae] KAA2211334.1 type II toxin-antitoxin system Phd/YefM family antitoxin [Roseomonas oryzae]
contig_1_ign_00619	WP_213399036.1	96.154	71	1	0	4	81	26	51	4.89e-08	53.5	WP_213399036.1 hypothetical protein, partial [Bacillus subtilis]
